{"cameraMode":{"drawMode":0,"name":"Shaded","section":"Shading Mode"},"sceneLighting":false,"audioPlay":false,"sceneViewState":{"showFog":true,"showMaterialUpdate":false,"showSkybox":false,"showFlares":true,"showImageEffects":true,"showParticleSystems":true},"in2DMode":false,"pivot":{"x":-0.3449380397796631,"y":0.8364254236221314,"z":-0.2908130884170532},"rotation":{"x":0.5138367414474487,"y":-0.2549223005771637,"z":0.16318073868751527,"w":0.8027198910713196},"size":1.671532392501831,"orthographic":true}