{"cameraMode":{"drawMode":0,"name":"Shaded","section":"Shading Mode"},"sceneLighting":true,"audioPlay":false,"sceneViewState":{"showFog":true,"showMaterialUpdate":false,"showSkybox":true,"showFlares":true,"showImageEffects":true,"showParticleSystems":true},"in2DMode":false,"pivot":{"x":3.6823689937591554,"y":10.601831436157227,"z":-11.493545532226563},"rotation":{"x":0.3499617874622345,"y":-0.14943210780620576,"z":0.05665598437190056,"w":0.9230334162712097},"size":0.6565817594528198,"orthographic":true}